<?xml version="1.0" encoding="UTF-8"?>
<pc:PcGts xmlns:pc="http://schema.primaresearch.org/PAGE/gts/pagecontent/2019-07-15">
    <pc:Metadata>
        <pc:Creator>Deutsches Textarchiv</pc:Creator>
        <pc:Created>2018-03-22T09:16:44</pc:Created>
        <pc:LastChange>2019-07-23T14:11:44</pc:LastChange>
    </pc:Metadata>
    <pc:Page imageFilename="OCR-D-IMG/OCR-D-IMG_0002.jpg" imageWidth="1742" imageHeight="2626" type="content">
        <pc:Border>
            <pc:Coords points="1435,2422 1435,196 96,196 96,2422"/>
        </pc:Border>
        <pc:ReadingOrder>
            <pc:OrderedGroup id="ro357564684568544579089" caption="Regions reading order">
                <pc:RegionRefIndexed index="0" regionRef="r1"/>
                <pc:RegionRefIndexed index="1" regionRef="r0"/>
                <pc:RegionRefIndexed index="2" regionRef="region_1"/>
            </pc:OrderedGroup>
        </pc:ReadingOrder>
        <pc:TextRegion id="region_1" custom="#back_paragraph" type="paragraph">
            <pc:Coords points="216,456 1265,456 1265,2280 216,2280"/>
            <pc:TextEquiv>
                <pc:Unicode></pc:Unicode>
            </pc:TextEquiv>
        </pc:TextRegion>
        <pc:TextRegion id="r0" type="page-number">
            <pc:Coords points="1232,435 1232,380 1138,380 1138,435"/>
            <pc:TextEquiv>
                <pc:Unicode></pc:Unicode>
            </pc:TextEquiv>
        </pc:TextRegion>
        <pc:TextRegion id="r1" type="header">
            <pc:Coords points="1119,429 1119,341 264,341 264,429"/>
            <pc:TextEquiv>
                <pc:Unicode></pc:Unicode>
            </pc:TextEquiv>
        </pc:TextRegion>
    </pc:Page>
</pc:PcGts>
