<mets:mets xmlns:xsi="http://www.w3.org/2001/XMLSchema-instance" xmlns:xlink="http://www.w3.org/1999/xlink" xmlns:vls="http://semantics.de/vls" xmlns:mets="http://www.loc.gov/METS/" xsi:schemaLocation="http://www.loc.gov/METS/ http://www.loc.gov/standards/mets/version18/mets.xsd">
   <mets:metsHdr CREATEDATE="2019-02-13T17:24:15.968+01:00">
      <mets:agent OTHERTYPE="SOFTWARE" ROLE="CREATOR" TYPE="OTHER">
         <mets:name>DFG-Koordinierungsprojekt zur Weiterentwicklung von Verfahren der Optical
          Character Recognition (OCR-D)</mets:name>
         <mets:note>OCR-D</mets:note>
      </mets:agent>
   </mets:metsHdr>
   <mets:dmdSec ID="dmdSec_0001">
      <mets:mdWrap MDTYPE="MODS">
         <mets:xmlData>
            <mods:mods xmlns:mods="http://www.loc.gov/mods/v3">
               <mods:location>
                  <mods:physicalLocation>Zentral- und Landesbibliothek Berlin</mods:physicalLocation>
                  <mods:shelfLocator>Berlin ZLB, KucRg 685</mods:shelfLocator>
                  <mods:url/>
               </mods:location>
               <mods:originInfo>
                  <mods:place>
                     <mods:placeTerm type="text">Berlin Libau</mods:placeTerm>
                  </mods:place>
                  <mods:dateIssued encoding="w3cdtf" keyDate="yes">1790</mods:dateIssued>
                  <mods:publisher>
                     Lagarde und Friederich
                  </mods:publisher>
               </mods:originInfo>
               <mods:originInfo>
                  <mods:dateCaptured encoding="w3cdtf">2018-05-16T09:16:44Z</mods:dateCaptured>
                  <mods:edition>[Electronic ed.]</mods:edition>
               </mods:originInfo>
               <mods:classification authority="DTA">Fachtext</mods:classification>
               <mods:classification authority="DTA">Philosophie</mods:classification>
               <mods:identifier type="purl">http://www.deutschestextarchiv.de/kant_urtheilskraft_1790</mods:identifier>
               <mods:identifier type="dtaid">16401</mods:identifier>
               <mods:titleInfo>
                  <mods:title>Critik der Urtheilskraft</mods:title>
                  <mods:subTitle/>
               </mods:titleInfo>
               <mods:language>
                  <mods:languageTerm authority="iso639-2b" type="code">deu</mods:languageTerm>
               </mods:language>
               <mods:relatedItem type="series">
                  <mods:titleInfo>
                     <mods:title/>
                  </mods:titleInfo>
               </mods:relatedItem>
               <mods:name type="personal">
                  <mods:role>
                     <mods:roleTerm authority="marcrelator" type="code">aut</mods:roleTerm>
                  </mods:role>
                  <mods:namePart type="family">Kant</mods:namePart>
                  <mods:namePart type="given">Immanuel</mods:namePart>
                  <mods:displayForm>Immanuel Kant</mods:displayForm>
               </mods:name>
               <mods:physicalDescription>
                  <mods:extent>LVIII, 476 S.</mods:extent>
               </mods:physicalDescription>
               <mods:accessCondition type="use and reproduction" xlink:href="https://creativecommons.org/publicdomain/mark/1.0/">Public Domain Mark 1.0</mods:accessCondition>
               <mods:typeOfResource>text</mods:typeOfResource>
               <mods:accessCondition displayLabel="Access Status" type="restriction on access" xlink:href="http://purl.org/coar/access_right/c_abf2">open access</mods:accessCondition>
               <mods:extension>
                  <zvdd:zvddWrap xmlns:zvdd="http://zvdd.gdz-cms.de/">
                     <zvdd:titleWord>Critik der Urtheilskraft</zvdd:titleWord>
                  </zvdd:zvddWrap>
               </mods:extension>
            </mods:mods>
         </mets:xmlData>
      </mets:mdWrap>
   </mets:dmdSec>
   <mets:dmdSec ID="DMGT_0001">
      <mets:mdWrap MDTYPE="OTHER" OTHERMDTYPE="GT">
         <mets:xmlData>
            <gt:gt xmlns:gt="http://www.ocr-d.de/GT/">
               <gt:state prop="granularity/physical/document-related/region"/>
            </gt:gt>
         </mets:xmlData>
      </mets:mdWrap>
   </mets:dmdSec>
   <mets:dmdSec ID="DMGT_0002">
      <mets:mdWrap MDTYPE="OTHER" OTHERMDTYPE="GT">
         <mets:xmlData>
            <gt:gt xmlns:gt="http://www.ocr-d.de/GT/">
               <gt:state prop="granularity/physical/document-related/region"/>
            </gt:gt>
         </mets:xmlData>
      </mets:mdWrap>
   </mets:dmdSec>
   <mets:amdSec ID="amdSec_0001">
      <mets:rightsMD ID="rights_0001">
         <mets:mdWrap MDTYPE="OTHER" OTHERMDTYPE="DVRIGHTS" MIMETYPE="text/xml">
            <mets:xmlData>
               <DV:rights xmlns:DV="http://dfg-viewer.de/">
                  <DV:owner>Koordinierte Förderinitiative zur Weiterentwicklung von Verfahren für die
                Optical-Character-Recognition OCR-D</DV:owner>
                  <DV:ownerLogo>http://ocr-d.de/sites/default/files/Header1-Text-gold_3.png</DV:ownerLogo>
                  <DV:ownerSiteURL>http://ocr-d.de/</DV:ownerSiteURL>
                  <DV:ownerContact>mailto:ocrd@bbaw.de</DV:ownerContact>
               </DV:rights>
            </mets:xmlData>
         </mets:mdWrap>
      </mets:rightsMD>
      <mets:digiprovMD ID="digiprovMD_0001">
         <mets:mdWrap MIMETYPE="text/xml" MDTYPE="OTHER" OTHERMDTYPE="DVLINKS">
            <mets:xmlData>
               <DV:links xmlns:DV="http://dfg-viewer.de/">
                  <DV:reference/>
                  <DV:presentation>http://www.deutschestextarchiv.de/kant_urtheilskraft_1790</DV:presentation>
               </DV:links>
            </mets:xmlData>
         </mets:mdWrap>
      </mets:digiprovMD>
   </mets:amdSec>
   <mets:fileSec>
      <mets:fileGrp USE="DEFAULT">
         <mets:file MIMETYPE="image/jpeg" ID="DEFAULT_0001">
            <mets:FLocat LOCTYPE="URL" xlink:href="http://media.dwds.de/dta/images/kant_urtheilskraft_1790/kant_urtheilskraft_1790_0479_800px.jpg"/>
         </mets:file>
         <mets:file MIMETYPE="image/jpeg" ID="DEFAULT_0002">
            <mets:FLocat LOCTYPE="URL" xlink:href="http://media.dwds.de/dta/images/kant_urtheilskraft_1790/kant_urtheilskraft_1790_0539_800px.jpg"/>
         </mets:file>
      </mets:fileGrp>
      <mets:fileGrp USE="OCR-D-IMG">
         <mets:file MIMETYPE="image/jpeg" ID="OCR-D-IMG_0001">
            <mets:FLocat LOCTYPE="URL" xlink:href="OCR-D-IMG/OCR-D-IMG_0001.jpg"/>
         </mets:file>
         <mets:file MIMETYPE="image/jpeg" ID="OCR-D-IMG_0002">
            <mets:FLocat LOCTYPE="URL" xlink:href="OCR-D-IMG/OCR-D-IMG_0002.jpg"/>
         </mets:file>
      </mets:fileGrp>
      <mets:fileGrp USE="OCR-D-GT-SEG-PAGE">
         <mets:file MIMETYPE="application/vnd.prima.page+xml" ID="OCR-D-GT-SEG-PAGE_0001">
            <mets:FLocat LOCTYPE="URL" xlink:href="OCR-D-GT-SEG-PAGE/OCR-D-GT-SEG-PAGE_0001.xml"/>
         </mets:file>
         <mets:file MIMETYPE="application/vnd.prima.page+xml" ID="OCR-D-GT-SEG-PAGE_0002">
            <mets:FLocat LOCTYPE="URL" xlink:href="OCR-D-GT-SEG-PAGE/OCR-D-GT-SEG-PAGE_0002.xml"/>
         </mets:file>
      </mets:fileGrp>
      <mets:fileGrp USE="OCR-D-GT-SEG-BLOCK">
         <mets:file MIMETYPE="application/vnd.prima.page+xml" ID="OCR-D-GT-SEG-BLOCK_0001">
            <mets:FLocat LOCTYPE="URL" xlink:href="OCR-D-GT-SEG-BLOCK/OCR-D-GT-SEG-BLOCK_0001.xml"/>
         </mets:file>
         <mets:file MIMETYPE="application/vnd.prima.page+xml" ID="OCR-D-GT-SEG-BLOCK_0002">
            <mets:FLocat LOCTYPE="URL" xlink:href="OCR-D-GT-SEG-BLOCK/OCR-D-GT-SEG-BLOCK_0002.xml"/>
         </mets:file>
      </mets:fileGrp>
   </mets:fileSec>
   <mets:structMap TYPE="LOGICAL">
      <mets:div TYPE="Monograph" DMDID="dmdSec_0001" ADMID="amdSec_0001" ID="loc_0001">
         <mets:div ID="loc_d1e401" TYPE="Chapter" LABEL=""/>
      </mets:div>
   </mets:structMap>
   <mets:structMap TYPE="PHYSICAL">
      <mets:div TYPE="physSequence" ID="physroot">
         <mets:div ID="phys_0001" TYPE="page" DMDID="DMGT_0001" ORDER="1">
            <mets:fptr FILEID="DEFAULT_0001"/>
            <mets:fptr FILEID="OCR-D-IMG_0001"/>
            <mets:fptr FILEID="OCR-D-GT-SEG-PAGE_0001"/>
            <mets:fptr FILEID="OCR-D-GT-SEG-BLOCK_0001"/>
         </mets:div>
         <mets:div ID="phys_0002" TYPE="page" DMDID="DMGT_0002" ORDER="2">
            <mets:fptr FILEID="DEFAULT_0002"/>
            <mets:fptr FILEID="OCR-D-IMG_0002"/>
            <mets:fptr FILEID="OCR-D-GT-SEG-PAGE_0002"/>
            <mets:fptr FILEID="OCR-D-GT-SEG-BLOCK_0002"/>
         </mets:div>
      </mets:div>
   </mets:structMap>
   <mets:structLink>
      <mets:smLink xlink:from="loc_d1e401" xlink:to="phys_0001"/>
      <mets:smLink xlink:from="loc_d1e401" xlink:to="phys_0002"/>
   </mets:structLink>
</mets:mets>
