<?xml version="1.0" encoding="UTF-8"?>
<pc:PcGts xmlns:pc="http://schema.primaresearch.org/PAGE/gts/pagecontent/2019-07-15">
    <pc:Metadata>
        <pc:Creator>Deutsches Textarchiv</pc:Creator>
        <pc:Created>2018-03-22T08:16:44</pc:Created>
        <pc:LastChange>2019-07-23T14:11:42</pc:LastChange>
    </pc:Metadata>
    <pc:Page imageFilename="OCR-D-IMG/OCR-D-IMG_0001.jpg" imageWidth="1743" imageHeight="2626" type="content">
        <pc:Border>
            <pc:Coords points="1283,2451 1283,193 48,193 48,2451"/>
        </pc:Border>
        <pc:ReadingOrder>
            <pc:OrderedGroup id="ro357564684568544579089">
                <pc:RegionRefIndexed index="0" regionRef="r0"/>
                <pc:RegionRefIndexed index="1" regionRef="r1"/>
                <pc:RegionRefIndexed index="2" regionRef="r4"/>
                <pc:RegionRefIndexed index="3" regionRef="r6"/>
            </pc:OrderedGroup>
        </pc:ReadingOrder>
        <pc:TextRegion id="r0" type="header">
            <pc:Coords points="941,390 941,316 74,316 74,390"/>
            <pc:TextEquiv>
                <pc:Unicode></pc:Unicode>
            </pc:TextEquiv>
        </pc:TextRegion>
        <pc:TextRegion id="r1" type="page-number">
            <pc:Coords points="1041,396 1041,338 958,338 958,396"/>
            <pc:TextEquiv>
                <pc:Unicode></pc:Unicode>
            </pc:TextEquiv>
        </pc:TextRegion>
        <pc:TextRegion id="r4" type="paragraph">
            <pc:Coords points="1077,412 1077,2076 907,2076 907,2075 566,2075 566,2074 225,2074 225,2073 54,2073 54,412"/>
            <pc:TextEquiv>
                <pc:Unicode></pc:Unicode>
            </pc:TextEquiv>
        </pc:TextRegion>
        <pc:TextRegion id="r6" type="paragraph">
            <pc:Coords points="224,2075 224,2076 565,2076 565,2077 906,2077 906,2078 1077,2078 1077,2222 54,2222 54,2075"/>
            <pc:TextEquiv>
                <pc:Unicode></pc:Unicode>
            </pc:TextEquiv>
        </pc:TextRegion>
    </pc:Page>
</pc:PcGts>
